personnel_id,date,night_duty_7d_count,workload_30d_avg,current_consecutive_duty_days,sleep_quality,leave_days_30d
P001,2026-08-29,2,58,2,7.5,2
P001,2026-08-30,3,59,3,7.4,2
P001,2026-08-31,4,60,4,7.6,2
P001,2026-09-01,2,61,2,7.3,2
P001,2026-09-02,3,62,3,7.4,2
P001,2026-09-03,4,63,4,7.2,2
P001,2026-09-04,2,64,2,7.2,2
P001,2026-09-05,3,65,3,7.1,2
P001,2026-09-06,4,66,4,7.0,2
P001,2026-09-07,2,67,2,7.1,2
P001,2026-09-08,3,68,3,6.9,2
P001,2026-09-09,4,69,4,6.9,2
P001,2026-09-10,2,70,2,6.8,2
P001,2026-09-11,3,71,3,6.8,2
P001,2026-09-12,4,72,4,6.7,2
P001,2026-09-13,3,73,3,6.6,1
P001,2026-09-14,4,74,4,6.6,1
P001,2026-09-15,3,75,5,6.5,1
P001,2026-09-16,4,76,6,6.4,1
P001,2026-09-17,5,77,7,6.3,1
P001,2026-09-18,4,78,5,6.2,1
P001,2026-09-19,5,79,6,6.1,1
P001,2026-09-20,6,81,7,6.0,1
P001,2026-09-21,5,82,8,5.9,1
P001,2026-09-22,6,84,8,5.6,1
P001,2026-09-23,7,86,9,5.3,1
P001,2026-09-24,7,88,10,5.0,1
P001,2026-09-25,8,90,10,4.7,1
P001,2026-09-26,8,92,10,4.3,0
P001,2026-09-27,9,96,11,3.5,0
